"PLAYER_ID","PLAYING_TIME"
"9a844e4d2ab1c3791241f7695bc86d1cbf40cba3",791.308044433594
"82cb9c0e72ca056b5de69fc76b30f69789740cbf",676.558532714844
"263f19273c6c4c12eceadb8824228fe1eac5e8a4",16.0252304077148
"12dd288e43abf7690d8993f47d2bed8a024c8fef",116.5576171875
"7d73305e306705436ac4f31f8149a297d95b0040",588.787719726562
"8a923c41a6eb11be4d5db8e3ec8e6d9fcb4b8312",5.13534498214722
"b2cf06bd2f7adb8ce79bf51948c2c890be9e349f",57.157096862793
"ab22430ffdd4b0e3c20d34f7a33d386fb734986a",170.548666000366
"3bd724585dcf970b69bcd69403b8d1298f88a419",702.306274414062
"da0e4f7e3e161ad3ab224d18237c1184d368bb12",163.55179977417
"2e2f82f44014444369b40a5d707da242edadfbf1",9.73650360107422
"fb700ef074fe19c9c4328e120dd91c7b03c044cc",0
"ba8daab0a27147a0029a2084f2a14d46c30d9969",77.5177993774414
"f53eda7392de8ab6de38e9bca9b8aad894320ab9",0
"3103eeddc91e18c223c7ef4d3c12f29cd6e5bdd8",273.2836
"52ac31111dbf3a9e6436c1e015d4b4f1f1e87498",284.577018737793
"3ae724ecfe223e7e9201014053f8fe62a3e9fc1c",719.675231933594
"71b754da9092ac96360ee1993ec27366bd039785",123.727262496948
"0d3fd6094040544c67274fea9f50251c00e03b27",104.932598114014
"48d72c4d9f603b080bd0cc77ee6a1eadbf3a6b93",432.917510986328
"befea4c140f097ea4ca1952db4949a66119ba917",223.261337280273
"8c17e8a7773b0425a915a91dfb424ca0db361135",766.8134765625
"a541a2973b76530ae727ff9bb33cbe134af302e1",292.631576538086
"988248071ac6854ec1205b5a93b3f86f2b4aa8e2",526.72787475586
"75bc9261c4f3f8230b578a90092f0204fed4caa3",0
"bcf797f96bb77f5e3735d453c1519a251a37c1a0",436.611852645874
"11414d3c42573a52b9032d1287494a78a912c4af",11.2264747619629
"c7cf6ba58c6e1a6c0594c39eaad6608c41f02cf2",217.206192016602
"7eff5913d27779974e8392a83471b0d695fe4c7e",0
"ff3b7d21e60c24b6e926e3ffc3fbeb78cc9e4057",218.534562110901
"1d392fe0b1ce6c5acf9617caffaf58cbd4848115",185.612434387207
"1fc56dde27923c1f2c972c36262ed88a376f0c72",202.945533752441
"e48f9c8c2739837fda3d42ea3e3e58598d40c47b",9.73650360107422
"33cb9dad28fb00c8167227482cf11a9cb74e23ef",58.3291969299316
"395c6eaaa416e00733a3f7d1136810095409b2eb",226.941268920898
"04ab37677876a0a6cf841da7c735c8ec8288571a",16.1168155670166
"2b62a9e809d4cb29e0c7ade6c1ba064b6a2c7443",120.18864440918
"f56d7b028b79e76037ca74a83641cacb1fac02ba",412.091796875
"affcfa63309486ddfeb6dbddb82201f7acad2ed3",581.054992675781
"22e048efcadabdbb2f9150cd00d9bb7d08c4eab9",30.9481830596924
"6ce6f832e5197576e4c34b6f627434b5cbc97c61",200.538208007812
"b6a6528f08a0e1f3667715817bd1b31609da0e6d",740.011764526367
"89867c611e3d19353f81da7951f84db1bf5d3045",702.827819824219
"db540e374d305a17c5181aeae0ef0e6ba8f7460f",261.041687011719
"7e148dd6c0520cd48c32cbfd55c0d41a9d240c04",190.501388549805
"248107deaa8a879b2d8c74da6442181c3612f51f",61.9584770202637
"a077dc4be2425cfd6d0e83f560c4c71de4544c6c",135.915908813477
"911c1207c6750d3cadff20ce7f8a4bbbb8b30c1d",674.655696868896
"d853e7096c3c748b5722a0843ee6cbebc4b412ad",111.369903564453
"299fad2dab8ccb8d87162771763c53888f449641",158.637619018555
"aa8fc6498e64d483653ea6a5b72020a48f46863b",416.615783691407
"43f3db5bca4b3384d9100cf4752feaff3b4d8848",99.2047805786133
"5c52d4f9e23ee8dcfa0954d52da4e198f16085b3",9.73650360107422
"c0c23391c0b5487f31e103dba2d61a20a4267a46",0
"dcfc771f6b918ea321fc4743b486f5fbbd113d75",66.7602691650391
"3b88513658b5b9efca074078f20b2932ad1541f9",34.8335151672363
"2218a9b7c80545dbbf19207aa0a7ae665d871997",0
"9f0d133f5c3fe4b2ae333b8ec580143f92bd1ce3",20.660701751709
"9c826a976313aa9c8545b056d08ddf8d8c8304b1",61.5668525695801
"365f6657aadcb1a12e98f1bcd8c39a8772715437",242.569625854492
"e12390392b3fc667467cadbc21ed707006f13fc1",0
"44252a2cea921ad8a5c77366b3f681a57c258a4a",114.210185050964
"b014127dd50ee1385d129221073a9bc1efe8dcea",109.061027526855
"55f30cd0ce515fedba14818ddd0858bb77e32d3b",487.832885742188
"9d718e4ac752b0c8256347ca5fb2311ca1b29697",9.86869621276855
"27653562f25fddfedbb6862c6f7f775e3aee8729",369.677825927734
"4053bbbab048ebc89275501cf19493c8b2912ce6",31.8961353302002
"1d76dbe6de87ff39a60a699f6c0523e8b3234f26",51.7120933532715
"9c64aa2f9bdc8a444259c5cd80efaaa327070c1e",56.4156608581543
"a344708b964f13f93354f5ef39091648e7dae405",10.4167919158936
"b44b24f15557ba72ed6c35df9e14f6b79a63f12b",202.712562561035
"539ba9ce9c572ce6d0a4352db7211b5286e3be05",211.944351196289
"de9b8ea5dea7ece62ee2ccf8e7b7a43cef8498a0",352.354557037354
"2d310aed9922aa4d8f64f102c753024d34182882",131.54328918457
"edcdf6c249486f992de4eab95e4ec8edd8a3d291",347.121459960937
"369cbabc57e48432e228701fce080636f3e25cf4",9.73650360107422
"eb2459ce78a533085155bd79769938d2e04d2447",170.696243286133
"27c6fba076399f5a9ed7d239040f8a5278e0b538",50.3879470825195
"ce746d67556da11c57b57d89f6d7119afac28883",223.690559387207
"6dd582f3298133f1940215ba26611bd80b2bec09",9.73650360107422
"8cb0077cfb3e22ea21306da0bccccd6780395e82",426.965713500977
"218a22db54e7c29631bd7bbb8179c292e08d073e",86.957145690918
"ffa57541bf6d7030fdf7206f4aa0141a2c918647",509.03857421875
"cd9532b021820f7df2e01c77aa62b0b52f1f3260",45.4848365783691
"ad3c96b12eb524da639ce2a34c52cc10121452a5",186.524894714355
"9629bb0fd4ba8f090f503488e7f867404b285fb4",704.683654785156
"4dbbac91141b88b6314078302fb155fb4021b09f",9.73650360107422
"3970d8b854a033109601fc179283d41f55961c2e",122.90355682373
"d87ce4b011fa79fc87be77cb2eca6219e6a22f7e",0
"68d6e891736066dd5e4a3c97b43a9060b7c9a7ed",221.166122436523
"c6392379d4895e7d324dfc39bf26c47ca8863010",165.814002990723
"3fb2a9e597adae69e240263841a8d5ae41687292",0
"f2309dfcf90a974cdeb152b2de025aba3c76df17",772.517822265625
"d3798a74395f1e574c0d0ced6a641de62d493cc4",263.892412185669
"8fbb14aeace75af8a3660d5b9579886cde9bea53",356.94937133789
"790e6263b188f5e3be4b2dc28ad39c35033178ca",185.805923461914
"b81c83a7bc78b236f741178465e4491ba63a2c53",207.546081542969
"659fdb3f91f577b99298e2643a3aa1b1e250ddb1",455.650268554688
"cc226d28e016753edeaeebeade623877b5cf0596",400.481864929199
"15608e4490fbf0ac84909c6cb0e8a7f599aef167",105.209564208984
"bd92860ce8fe7bb4ef198793f18a88a2e40b0054",64.9341506958008
"c00e08f69e44f658e28f00e67502f80be1afebe6",230.354286193848
"fddbf98f72e3a7fed3608a6508e0535ae466c430",144.136352539062
"f61d04de319259ced1f7ad9071c8a46052f3c6bf",140.10490322113
"74f22fceb707d091d74fd07c2e347a50dbe7749a",269.647254943848
"d455ef7c2485c9556dd0bc916e833870a50cd1f9",100.131103515625
"9bb39c86000b71e3e0614e7bfd3f74806968c3ac",63.344087600708
"63227b0144020db4a3270d811696c76c51f4ad91",122.685615539551
"d3aa820c2ca2a65f108cbb8d0ddfef1085812772",58.8474731445312
"5355c083d8ca64985bd4970d9f2c471bc6a78b5a",257.31201171875
"f006b67e6b2b2c811baf7a5e69c36e002ce02adc",295.189514160156
"dea574fc9c495459f425c25b4589b7c3f9853b8f",104.33277130127
"745e1b784f3db91845844981ae0a8c06c9f09135",197.462921142578
"d5a0ea56e1b97dc5309dca082b5ef032dc58bedb",154.879257202148
"56ab7b53d0c7dfb20d51179b198940b03b15b3ca",0
"c6020d12585d4a0d7b1babd840c54f37a9159aea",145.623878479004
"5b3c1b2b32ed07df86397c80422c56c65d064ec9",86.3611297607422
"833193952eb3312ce58f20271128721570691ade",103.231880187988
"d302140d59a9420fd399c51d19d2a8e9de5e0aa8",223.098702430725
"5f55cd7118d3da57163ced0872286209bd40fcd2",294.62548828125
"76c1b0b1cebc635fdf70c2e304187061e6393114",145.126537322998
"9f97eba0f0f065f43f3bae1fbc442de93be9cf41",106.100040435791
"ccfb84da90116a28621de8f41a5426d5bfdfc6da",559.25224494934
"f07b41156ca170c7f046cea60fc322c650989a1e",261.881530761719
"f0db9beb2663252618d3de83802ba0916fd10345",196.253952026367
"963b6b90ab5708423da2c909b2a606e73af500b4",256.271453857422
"e454b2ae6c5ebd0104d475bbed201ab719e519cc",61.4194221496582
"3f2fd1f456f8f24d1afe5692d39ebabb1fbaa0b0",49.5731964111328
"dbec40c73b2ab9555d7c2166920b92ffc21baa5a",35.264461517334
"63052b59c22ff4589f975df84665dab7fe136ef2",46.4041061401367
"d641d1b02f8a66839731d74f4427059d6a8a81c1",256.892761230469
"0c049bc522425eab3482cc503f0c1f416be05b4f",296.198516845703
"7abe25c99132dffd0d1bc6ad05098bd01ce7798a",298.326019287109
"01171c9c71028faf86b7447ec692000f50df9fac",240.564094543457
"4a8da77e3ea10b8b42f0859ac49610a3cfd6bb01",436.10626411438
"ddcda75b13b030d7554c22a953aa0741e3d3a81b",0
"d0a05fabe73d4f158af331fe497cf59cc3c760e1",497.854095458984
"151e3a419b9084ed3fb6d18a9d95bea2897dd4d6",691.023986816406
"83e0efaee0c0ad8ae021273fa2166dda87c250a5",54.1292495727539
"a080e0fb6a8d34e09f1871e0c2440f2440620251",211.644577026367
"827135b2373b76725e3861585e8180bbd1990e19",464.051750183106
"793587fe9c1be3f0c7a27e768f7e54bf7d13ac1b",269.529663085938
"72df61d622032f8ac8599616b662662f65ee22e5",30.5134048461914
"13b9befb143cf1eb672fcc25df09efe896c18ad4",156.645143508911
"2e68dc279251e6c847a8c8d7e1a3076cbd1cc93a",313.738861083984
"6b3b0d2ce1966b4f66748297e385cc7e8c8bdc98",9.73650360107422
"d22cb49d1088bec45e9076cd35b6827ef7ae48d9",248.91527557373
"0970a31949e9d9c0db5d90ee6eaee120529ad264",216.749252319336
"bd2d4ed904336afedf4133388d24dd3ceb8ff4f2",131.5380859375
"a1e50048cc5485d7fec29b7622cd84e8e77107f0",279.150382995605
"c622a8d5412a03285ff15c459ae6d4ae30f186cf",9.70682525634766
"bff2a57b9d1c56969f2f6fe7df797ed524158575",401.021209716797
"9733e83987bc6ef229981f8ffbe5cf103e5d1491",135.685194015503
"273daa96a89fc728c0e22f2528de781e70ddc898",47.7931213378906
"5aabc59aa827d6a154a25d76bb30e9a4d658ac4a",221.624717712402
"32603421aea266b74d441ebfe6f97a7cf4c4670a",452.618041992188
"35240b17b7471a740d303cfb02577babccffc8e7",466.017974853516
"3a0069aa7adaee13eac04b432235b9a1364cbf42",534.421714782715
"82a40516439b2c521bd17f809edbf05e2a311a0e",165.158972740173
"b15267169aa4619e07c581cc461c727318e8a37e",442.452026367188
"134c7f74c7e9969b2974a197fd1401fafe07f254",248.380332946777
"1a95b47efce4ba20485a5a9244ca1fb6716378c0",355.379165649414
"bb2a17fbac021ed509b946b71f955f48e974434f",272.604644775391
"d39e88861bf64ff7cc26749b2205a727f01d1b01",545.883972167969
"a9c11b84af53de19baf262b41382cc42f069b076",167.562026977539
"07d42c9874819367bc84d03f3e101e85ab6dcb86",146.056106567383
"2c06050c5104e14ea16b448cdb68c98c6fdb6022",288.15941619873
"34190fba310a52459744c4574d93853243ee9eca",589.289901733398
"a0fdb43e8688b158286b5e776d98d4d3d620ed19",140.395065307617
"c87195f443c8e3b4e92f3f0c982c6ab1c98eee92",20.4126300811768
"701ba48cf3b66c21aa686dcd78a66ece9a09f614",9.73650360107422
"094118648e37affcef64cce8a305a82d1f51fcd2",314.640411376953
"932fb2795268aa7e90ad05c149845626b1bd33e8",77.0315246582031
"c3c959721c769aebc8c295ef57242f77d7924eb8",219.601852416992
"e58da69636d4d6cdf9113a3b88022bd96db78054",286.226165771484
"2fef9b7f0623a9980280e266b740988f83855acf",61.6510543823242
"a53d8bd55581f6e8a1f9eba3dd242df50dc4f9b4",44.1824417114258
"812bda429f3d18d027657b049c110ed4130ede6e",210.028259277344
"73085df848d250529c6b839c4005e1635f908345",0
"24267dad266a032536486b2b6995824c979bfb51",225.067001342773
"116bf451ad3ada01098811683426047231cca18e",234.010070800781
"a3be350a00d09dd1e888270c99f348fbfa8d9fcc",279.232658386231
"bef358a6e321b663a57d68088262dbcb52375fef",182.001876831055
"705a86ae9eebf0316b273ee63d164031a7b38ea2",207.947555541992
"ab0cd1b594b0a41f4764e09cdd25c6a2f552896d",221.340324401855
"5135f5f58de005ee87fe5d4d6cd07d12b6814d45",405.674449920654
"28d785b51aca593d63f830f13cce15694dccc1fa",148.43826675415
"53216214e594f707b528a229d41523492f301ebf",0
"b49c738a07341fb073afea180a7b892abf6e232e",256.468017578125
"8271bb867b6ea45c9d3f26a5e40951bb693b2c64",255.494918823242
"264420f7804884c990caebcf743ee98c87d86349",240.429824829102
"c6b23c492113559403b5c72b57560361548a9714",380.7939453125
"b0391649b259ed06a0c773c854a7693e6bf98fd4",9.73650360107422
"31ef0f4e5590e1a0197608885de3727a600d250e",201.65608215332
"fdc8ed4157388a37b3cd5128343e4b5e22b41282",262.313056945801
"30a5c4c806d84a9c2cae48ba4750c9ab81a676d0",34.2648601531982
"7a891d3cff176ecd273e99f30daf952fdd346151",35.2631130218506
"558693b14d63414c1b4c3263f131b0be7dee9682",230.794082641602
"6b2bc8a2ddf021c6284a7efdc40666827bf64725",0
"c4cfbf7ccc18d0374d84bbc07f15cca8c75a392e",142.582595825195
"6475ed1418a5225c0f402359baf82d3cf8baefaf",269.161926269531
"92dc6059c836b1d56350ffa0b2e5a8d40eaf2b99",301.931640625
"56edfc0a0cb6da94f5f2faa2aba4a13fe8c23550",266.921875
"b0c7da3365fbf57247eb535595037615a73dbd98",46.9293441772461
"04c55b806675c5b5cc0e9fa9b5bcfa1447ffdd43",77.778076171875
"cf844ba45063a7feb233e55f8bb750537ff7e297",229.628385543823
"25a0a4ca22cbf1a928e8d251085e8c85b9a76da8",119.465400695801
"82a5ab8efccb2187f9e51097d6542c6145086310",223.555618286133
"155168f6c29c329f20d476d9f6181bf8ee1e335b",65.4190979003906
"3c8235024a0e3e3f1dcfef16080eaaf2cffc887b",445.123962402344
"d31a6366fe4f4554c165731f27c40a8d01f1d8c7",13.6010684967041
"6f70e49923f042d17fb8c5316ff8378d09e189c5",33.5198669433594
"1bc64519078a3434601881336c2c21fbad974c1d",251.278198242188
"e57904c30bfe03048492a981b4f5b86199959460",126.378623962402
"67f1f58459a3eac623952b8dda017a102fa7bb83",210.124008178711
"37081ad2fd7d7c7728ee4fa0ca279161dbb7d9d7",256.044588088989
"4d1e308f38691ef7021a09d0d25e7b2be1e949c1",470.773254394531
"8ffc12422baf26cf276c1b0f0ad92fa8121b841a",237.418510437012
"064ce4262b457f4b6448a6ff9dafd8882ebfeebf",231.136260986328
"1b6e325206b56276bc690f3f7397aa8e4cfa7507",233.76993560791
"e77b26e0dbf26eaf941a853cfe18e276fa06dec6",215.897918701172
"6e267969591972b6defbdcfffa3018611174561c",178.610504150391
"4316daf1b387c166258117f89389ee7e5888d74f",57.2479362487793
"19a16a0f9bad918752029086cbc39e8d625d9514",182.02010345459
"dc4721a955b712ffc546f09eea70c45c125058fd",222.893402099609
"200752ade9aeafc8196081e0cd27228be4df21fc",159.410362243652
"d8eec2327f738402960cf28b44c1221b8ddc188b",637.503662109375
"dd39392221f0834743b9b6a1945438a800f44e55",100.491744995117
"a5f4979b97b2f61c5539cd206bdddf51c14e489e",287.253288269043
"d5a4b3c049b9174581cb64c46d1b4bb0ab9fcadd",608.417877197266
"5681b7657ff7c609cb34127a516ba274b1616a81",697.34555053711
"60499f6abf89f78970429623c747aac5add3519c",9.73650360107422
"95488e24309dc2d5f727415238c82cc138a43009",459.965423583984
"715dd36ff08e326e2b4c45427c153b0e7bac6d23",245.386352539062
"a452b63757e97e908baad6557a89b85f23f0357d",300.181297302246
"8da31282e0a614fbe7699ac443789f1109ea1de6",113.503791809082
"6559861be08df170bd9870e04da13bf3e3b324de",260.279205322266
"7268472644e0b09901bef6495e2a4d455b4c1890",533.200927734375
"35a9a6f4775002cac4941a15b11af3640b2a3291",505.595458984375
"63010ddee8efefb0c8495979427b6b7b4f66b148",16.7884817123413
"c9191caf2334c0592da386bfc6ff7fc06fce4e86",90.3895244598389
"819c659ae2937c0ae169d91ed3d4b742a747d8de",59.0021934509277
"34cf2ac6c998b697876cca89e2067537fbc085b2",9.73650360107422
"2ec07fb059e7ea1c4383c012e2eb2aa3043bdd9c",78.5439224243164
"4309497a3f679e8526611272475dea40696ac6b9",0
"efe6534cd7ff125e43c44de73d496166fc80a20a",228.712875366211
"e7b8de9174d5cf5d700783514cad512469c212d3",291.379943847656
"3b5927cc7815c40a1062a5ce600b3306d13e0d31",216.175289154052
"36e1a52f5c160d45c342f6d586a5f9e72901db76",174.643543243409
"e5ecc53c67a6119e2f40a7d01fa715dbbffdf1a3",72.1238861083984
"a3dda6df5b40dafba0394d8f3bd23ac763e14c20",192.095802307129
"8385d8f483d01edb19652cda2c3e8859c97572df",227.620468139648
"8a08ce5d05e0465063d79ef1f4d943a508e6ab9a",195.600433349609
"eb4b63a3ca0b803a2d6d392476960e3e55031de4",97.4434509277344
"86bcae85b42e4632b6b1167f62009ae645bfc8f7",287.264411926269
"7e515479d347fbf48a942762c9c0d6297a09c98e",234.075271606445
"04994290f0133acc8b036b3d3bc14ceda5b0d012",575.209533691406
"2a706d34fdf633398c1bacfea10d942de9e2c9db",167.116232872009
"dbe56adcdc76a74b0cfc490e4ab7a6a4f51d9afd",151.572425842285
"85892930a37ad79b3935abb05a5b008d0d2c9442",414.794433593751
"1470b9d18de9aca99a1d42b2ab8f32baec7ecd3c",193.037551879883
"76a3cea57c1986a73eb8032e606fc06a6165317e",407.365447998047
"774e4ff835d935c622efdf74f11423022aa1aec9",96.1728897094727
"da2331420ceeaeed96ab885543ca5a4c6cb97958",275.975524902344
"0c854267fca81a9357f55f8130a99f9ecf8813ed",45.2348976135254
"f4376d857342ed8e25960235e8b2dc6185aca904",223.758922576904
"33f50b682fed41f36da8147ac43882043bed55b7",83.2753601074219
"4b2e927b4779f66757c59a57a2e4ccad0f4e54f2",129.976593017578
"906d0f1dbd1ff88dbae6d7733db157d8fa38f403",208.789894104004
"aa7d8c9956e820e0687d1dd1ec6d9a2e1ccb973e",247.490219116211
"896fb5e83de7b25546af8c120208958822553154",298.801422119141
"993487b7e6d00467a5ede03140d3e3945bd4184f",434.880311965943
"83a67a77ec3fd10c2f7c1120915487f1493fc797",436.001129150391
"bb35e1261b014ae28854bee33749be3014abd759",526.581665039062
"c37ab1ab3c46e09c04d254ae19538906e4961c14",350.09455871582
"a780aca9388b5a7fb1dd5e25ce58cc2a737759e7",483.261657714843
"a361af09cd69dec795d850448e306d7dd3fc18ad",745.7119140625
"5f6d629aa4a729e4869fa88140a9abf4b616b444",435.094573974609
"a55490aeb6a1112c687c10ed27be6f6cf11efdbb",142.256805419922
"0110ddbbd4e67bbd0a355dd5561021b075920eb3",767.70751953125
"847dc524ea80fb1540a4d1da0efbef07f7b32076",338.608612060547
"0f061b9439845159c394a71e55d635b10ca25656",456.989807128906
"c9acde47eab2f050e177d341718461ae7822a428",9.73650360107422
"b16b823740b268b9519845df5a6cababf87b91d2",356.193450927734
"810ac2caa9faf2673d3f3ace92b7f4b857334a22",750.772552490234
"f2456960a50139c4374f31e3865451c637644728",576.724670410156
"4d1298183510acbfd0087ccacf726abe77fc6e4b",478.706115722656
"39e4ec390ba39c0df8140bece8ee601f966b1453",494.003173828125
"11416d11059c8d9746e5810a0b83471293d2bfef",676.498901367188
"10b63e5c9a5dcc616d43ed60a0888eb869f5daad",549.613647460938
"55f5996485e6a1faa6663ac69374953aaba0e5eb",521.908325195312
"6b7a15b5e5ebfd02abd3d24d7693239071cbf9c1",597.412536621094
"bcfd4fde54fafaee3f528e136b8e0c506b8f805d",205.882827758789
"cea64cbb740673b74e9c574d1aa21ec5460ddfc8",222.146667480469
"aa3d79f358afbee1f5c09c94dbabe17a75f0e319",505.536895751953
"0dc1d0b79956f3ad4cb3e30433d4a41f0fba2368",139.794158935547
"9704d821131f5f3bf72417dd72fed844bfbf1d3f",778.259216308594
"f191a50c001c115aab10e7990f715eb2dda9ea8b",350.096862792969
"41926588df39fdf6f7b176316ee2afc9db363844",763.188659667969
"19c4182f72e996e7f55493ca7cca258f713f50b9",37.53297996521
"82bde68c049407a9ac8f5aaa0cfb1b825b195dba",367.62109375
"651e83e10223cd815b67ad888008955753378194",205.000579833985
"f91d55f27ef319a0939c62926cc821d10fbc0845",346.389904022217
"2e5bb21caecc3ffa164afea25298d3ea1c44c347",195.110123157501
"51ed749ff2ec6535d1a2f5e1cf8f0755c7947076",9.73650360107422
"12e59434ed7f6c49c05adeda47362f7eeed1ee2c",554.450927734375
"75974da3aded6c20132e5deec637421440e53359",665.955425262452
"26ccf96ef1de6d8676bf3267651ecfeae0fb9493",434.586157830048
"e91127a8554c36d7bc1e6a9d5a9ecfe96b285216",219.192504882812
"3208487e36582aa22a103583d2ac63c766aca1a4",165.115524291992
"b2e83691a8e240b99ae212eea4f3481119f0f697",0
"5ff4ced80a4fae6654ff7b423fd5ba48fa094023",0
"90fc00ee8b7d39be50d43e11592d59214fbeb704",0
"1df963b3d540d35badcbf3958f021f4c840da4c5",9.73650360107422
"d99f033e9e448415fdf637209773beb68db918d4",88.2550888061523
"f45a343c921f20987a7a87953beea851509405aa",539.118774414062
"fd196d255a75d336afcb350c92545843d7ba9757",358.484680175781
"9b178f0ce126ca72df209de29e6b5b49236dc6a4",122.017997741699
"5c01b2966a87154f53b9718c8aa32e8c8ec8c436",287.099517822266
"8a53fa1a29bec52b1755b87bf287b5c08a0cc4ec",31.8314228057861
"c142dc131919492588c31e1e803a04a4613bdcd9",169.543128967285
"61b7002e5c8fd8c4c368c834db8ae4dd5c785ede",62.4113445281983
"f4ff0cf8f05cd41bad7f6f734c518f2404c7725a",134.754020690918
"25d33c0c5b34873586398df7c225e4ca44ad31fe",26.5471954345703
"e313884702372122329dde96a3f85ad2ce2c6c59",411.9196434021
"66ff81e5acc5fad8a39604b55a6dace7a4322618",0
"21987e464792266c79337d09279c93213ea499ab",19.7460308074951
"8f91d5b0189a7625db655e9fdc00bd4f5b83f22c",239.33374786377
"504abe1db26bb46fb46ea7cff9ed18221feb6798",223.55834197998
"3dc47c31ad66fedb5e95d32f9d7e962747662815",645.755676269531
"530c3fde9670ccb834e877036422f072cffadb3d",0
"70d8e6d5c4d3e10ac1d714bd1b50ceb80af2d896",18.7972240447998
"afea0d1ba3b66650bcae0088ab31436472c07a6a",115.407644271851
"576d0a1a0612c27c99ac48d045a7b142c612def8",158.57465
"c3b87b4787e7c178e8bd6f84c6006ddc94c153dc",0
"638fe76b18bac2774f3650b9516324f014c4ca4c",281.3902
"f6a7de4f155d53a6d4bdcb1c22b94f37b8edf5c1",92.2215042114258
"7ba90f6e528c892f6ff6bd73d37d26ea3b451481",555.977294921875
"699ae17f4e9a62375d6457cdab08a2dcc023d6da",0
"e9c4609ba199db1543d4f04d801f6f79eaa999d5",158.151947021484
"e4e969721d39cddfa579b1f806b6e8435da1f655",71.2410125732422
"e1d0ff41eedf571c7e0a52982e0fd88814002f6d",81.8790588378906
"dc4970a9a7f6b1b1be7074780fa94764676d5fff",0
"bbf3743b9f6eaf5926e5be5498c17a700846b063",18.7266540527344
"f7002117ef96e50fc22b0404cd72b5e495b3ac4d",0
"7508430dc85b53c739a8e2906062c20e7c6723f4",768.646545410156
"6d3fc477390693adb11d4356e264530cb9abf094",658.16748046875
"3878f9fde721057d67ea77e33b2ddf1048c63a37",116.556381225586
"5bf0b3dc96dfddcdc76c0ac6ed4f29ab7407c3dc",542.26399230957
"bf2a844e439cc500f36068c3de810756612bbfcf",9.73650360107422
"38891f76ea6a9c14cd3bf34a61849fc0c59fa9e0",677.233093261719
"e0ee227336f73412a96ff1d381bddaf231b53298",128.246475219727
"c03f64ce935ac1918ee28a90473d178e85f80cc8",134.404476165771
"5cf3c4deae2d997263abe44f58c1828845fb504d",120.406341552734
"2c0e9779db5f773f85515826ebeba69f38b7c6ec",26.1561050415039
"7a869940ecb54255628a3ab4eb54d88cfd605984",23.5542888641357
"1babe9b1e25a09ee72a0bdb0c329750abd43c950",0
"6694f746d8beb752b45b675ecad73e051cb1dd66",515.118103027344
"ecd0883f549069d5a9ad09ec65c336a640ce44af",167.202451705933
"b9b6310bc17b1107269935131bd8948424456a74",600.097045898438
"7e8143bf283aeee4cc0b25e961aa71d77fa7f9a3",0
"a79b259fac46581fe638ea9012ae5864f42bf657",704.462707519531
"e5cfadde577a818d031b0b8cc1ea654e64d31a4a",107.410331726074
"334ce413bd7e427449bd6118ebd6d8506e2c633e",113.630142211914
"788eb597e5c48dad59fd11c2e3bea241c2d2f768",78.3530578613281
"86dbee76e085933462d0d1bcb3753dc2b31c71b6",9.73650360107422
"5b2e83685fd90d0eb20c95dffa0a6946d348aeae",15.8702802658081
"4b942210bb0f202df142e6c94390b855342bf89a",137.538116455078
"59b66e3b6a9f56d39c1e20ec6830afcb3dc48e7b",0
"6d81d4c8e7a624f52d7ca1670278f9a9360c7701",645.671691894531
"e26d45301db142fa6d638d8107b4eb80f9cd9fb5",158.502883911133
"3a6d9db292d4f6c2f2eba69805e41a4a9fc943c7",91.463752746582
"fb00d0f62df7e9b3b2a12745896515f4f1fe27f2",148.473083496094
"4e0c1441681c0d6101c1c667a98eca93705f6bed",11.6201858520508
"fba7d820b64daa672b0cce3b4898c6664aebc8e2",31.2788677215576
"228730d290ac32adc634c863565498ba3e65315c",58.5835876464844
"128f3d8f2092540735e1a741529518b8058d4758",0
"6f93501da24ce3490fdfc0274c23dcd1e981931d",70.9658584594727
"dd6c9bdedfa4c202e82a5c8f13beec54e8a883c9",236.810874938965
"35ee61646c04b642d8fb2cb054de9abe544e9341",184.465591430664
"172d3d7aaddec54f454d934151380634c1d654fb",48.4269371032715
"cc1f15c9afeed7ed9f25253d1bb72978d598ce24",9.73650360107422
"e3989cde4aae81ad0947a04c78b1b945fc910b72",81.1962203979492
"fe13b1b0ff9b8a5fbba957c84c808e78024873c2",293.50732421875
"02f6027c5ee1a7694e5786b8a241cd162aeaefb9",126.52180480957
"c11bd26b9ee10f412dd5e37627e36619a3d8ac3f",122.875885009766
"8bd7aca31aca3f9dea95888e3c5585ce9ca573f2",393.770334243775
"c15f054f57ed3ffcb6cc9c99fcca23ae286de2a7",92.7014694213867
"ae4c097ec1b82467f39a289508fa1e2182a46e70",762.349243164062
"492de788f10fbc34b985c762184850aed9acc2bc",75.5810699462891
"1fb28f21cef40755e2a212961ff20f84a625c889",9.73650360107422
"5130760a30dea638058efc0626c8e92c0370334a",331.988525390625
"ca70f3adc579187aaae466e747a3cd8f9f9978ab",107.303588867188
"8b847c6cb9fc841f2314908c5661b0e0cce6a354",65.3422355651855
"d24840465f8719cd1dfd9cd7c56ae2a1bdfe3299",240.326461791992
"61f0abb6b23aa376a435e7c24ea262b8ef4fbe53",374.815193176269
"4a1b56a89821e61940d740d12c64a5de44e55f41",141.722274780273
"070186574f8d62fdcc376fcdf3ffedb4e0bc0180",538.167358398438
"c3bfe278d53da235a6c18c9aaf50af6833e7160a",155.084701538086
"12247d6cbcc4925adc0c67a04fff4b9991171894",526.471496582031
"7ab19f57104e23f4a0030c5cfbdc8a9f9e40c82e",226.247772216797
"c5b613084af8b64c8922bb2df990af914b882a07",193.499450683594
"4fbf9ffac9fb0ef6c75292f040d9c867b6509522",191.267219543457
"f1423a5128293dcef8634ed1b0255d5ca6ec49b7",606.726989746094
"ee5927049edebefed034b5678fbb60678d8ad93c",201.89990234375
"b5ed9d3854296cf9fc30c5751db3581e6f44df1b",264.6748046875
"6b3e4ef523bb2eb705557d97b5fa6736f967c36f",460.804767608643
"ebe735616b1781f94137c67c7d304d4d46b3bf23",259.304097175598
"a3551f5683e9b45f415f5213c382fe055539621d",87.3438949584961
"39557a0c1efb5d8ed93d8055a6acd74c822ffc4e",550.960754394531
"cecd3c91e652f2ec5b14dc445fc26b24794871e3",766.904541015625
"2f66aa2df3bb3f2142419b813e1a63055b25bbd3",227.058403015137
"c33f8c516f30cfd1a8e6888835b365a1cbb31023",144.45930480957
"6adf369a930de51832dbe9a12721fbc748162d3a",0
"990278b36b8614dcb6b7974b26da63dc286938dc",157.263168334961
"f2e2aeca7021a1f15c51eae499bd483fad713eaa",676.966491699219
"20880521c2c15f79ab9728bd4e144add7bbedfd4",736.690490722656
"900b53b39ef087527d021088c8fa3e05025275ab",105.240768432617
"df51dbc2d285f73658455573ee71736905de5db2",402.515167236328
"f32823328db49137389a1d19d0fcfdf8ff3186d0",227.271858215332
"dccadfc94c7f794204ab2e615714265c4e33f704",32.0765686035156
"90365eac1c4eedadb3fa7d296310b5655153b996",0
"b71b94d1ad8af586c66f4982ddfb84e66edb9381",0
"28769a4318dde26fa5646e2c529e945efba8ce5a",0
"1adb7834fe67fe8546a7ac8149062686252089f9",273.100341796875
"35dba25a879c2664e6573a99adc5c180b11e574c",159.47819519043
"24c75fe780af78a4acf2ab07e13e571b30101251",322.382598876953
"384fa0cceb5a2708535d0ab6a69307779176a6cf",35.3224296569824
"b4e4563c13e5eb6e44559137b584f85f510a15db",4.64534091949463
"d7e45de0c719e476d9974304b7b7bbcace8ed4f7",86.1746025085449
"9db9f57f1c43b97b2992487e0571c89d726e76d0",258.159637451172
"b3639a58be5e5ba74f462b1ddb80efc8e7a70400",234.719841003418
"cb2fef9c6b10531d42f8c1c4505dec1f02bac32d",363.241302490234
"d9ab39eaa698be235d8023114a8476aaa7f45278",9.73650360107422
"f155ce65b367666db95f0c9b1c27ebe0605bf6c4",541.906127929688
"c2d5cd6534e07fa60be2c62f486d388ab1b4a510",508.075286865234
"ac4e189eb2de21f080213b5553f642a46f8a92a4",71.9230804443359
"a1a739abf8c2e0b800c45209bd433cc630c5cba6",57.4150886535645
"35ac892926cc593e5859e2dc743c776562ca312f",179.859176635742
"f169028423937dadc0c6fc19ee3867f181e518fb",146.582275390625
"c1e763388cced9f7919c4a32a1f69270acbdeba7",618.805908203125
"a09a8f90196e47a60ee185a500eda371f8549b2e",259.409055709839
"102be786b501ac586b0919515e7707ff61c84bf4",9.73650360107422
"a3319fb6f26cd7f073d9dd2ee61fe7c463696a5e",436.447219848633
"e526486e637178a026eaf3cdd285d74da19c468c",154.231834411621
"210e8eb72fd863044b7e911862dfe01a35d6f18f",0
"4cb747052eb96c4a0a1fa95bf4accdb22da837d5",211.875175476074
"023cd60cff806f62cfd885a9b18e6da8135e3272",137.627578735352
"f1e457b5b5865dd7bbcbe0a933632dec59c0f61c",9.73650360107422
"b79fda68e6cf4543206fe62ccec8fa72de488635",286.427276611328
"66f52416a372e06cd2f186a118cbcb8c0def899f",165.934020996094
"159571b5ad5a2db21a7b7002665046923b3b6e82",104.557437896729
"be5d3f4dc7d957f41ff2c09089f5e3425ec20339",0
"c8705dd3e5f5bce88f756219fa637cfb240e566f",179.705879211426
"3d23508828119cb2cf632c8294e2a42318c11bf0",615.67236328125
"aead3aff7037961e6558847652bbc1591f64110f",9.73650360107422
"92b39f1799425a345e062289fe6ff65945d0406d",280.700347900391
"823ef8ab49429d54aea814bd4302492b0a5365a6",618.655151367188
"831f5978323fb00573d8cbd0f3e90dd10a59bab3",0
"e9f85b702620d55fde91b5f609a8dcac6d543564",64.5348739624023
"fa53216f8212cb607a6129cb4ebc0b668a680b8f",19.5028209686279
"3ffca17a704b2bdd7b912cacb3c528f5a627fbad",58.9287872314453
"0b7e91b73e8e3ce2c1aa8d74416e37aa24d45b60",9.73650360107422
"785dba303bf069fa9a9e193799280dbb9a9d4580",142.11637878418
"7eac8963d63f1d89b21fde89c94e2893ebcacafa",0
"8869aa36a4bc122f6e2237f7a80cf0aff39339d9",189.008148193359
"0ccd75c2dec845fc1e7d183bebc9abab37c63d51",377.293487548828
"bc301574248628ab3342c10680311800d075b607",155.534128189087
"9d1d3eb706cc040e7b2b4399ae24a0ab37d64484",95.9690017700195
"82403a7134c9abc780cee2b9806bea6095b5277d",314.014335632324
"7225bf582939c600aa52453cbb20e88ea4d18381",301.921172142029
"994eaad8cdcac92c2373796cd90193ddac566c18",550.159423828125
"cf55b826be3f9ff5b2d5e520ee6614fef8df01f3",773.348327636719
"34db29c6c5dba776c3229d6fd6421da5634440a6",0
"9a1d0691f34a0c9c1899f3c29af36638cc7a8af6",238.546813964844
"a179f0ff3993e330461d42b82a4341dc8352ef3d",548.857177734375
"938e5bb30e5800a70dc405415d8f3f58eb11580d",99.5270004272461
"e51d89ee0934f89daa4e710d6d058e50cf6d6a82",117.874244689941
"ac724d2c4f528f54694485ea13fcd9bbb0db5ed0",120.351172447205
"9ece65ea906adac0b28480d54c8002d9c355f3ed",48.5040397644043
"309a1f01f20d5291c0ecd0a7cdfa6c248ea61dcf",0
"c495dc66c50e7a713782349d5c7aef0b63850a4d",240.850051879883
"d4ff01fbe86049d693f73ddae1860204e899a153",152.298156738281
"22804a13acbb1a4045016bb6efcfdc4ea92a0483",532.867248535156
"d0b04d5560dd66f62ab0237e464de9bc15bb13a2",132.28825378418
"84aac2aec4fcffded30577384d92145d99fc51d6",151.877556324005
"fce5b0d7bb7b7bf983f18c1cab18d5e96f6ff024",0
"6703c9c8fdcff642e98e219b8e54b3bc1f3f11d4",356.093688964844
"7ed1966647fc7239eda03abc53f9502d458f0db1",0
"72713826853c909247a70ea8105fa14afb1eac31",205.825897216797
"8aa9e1d68032a79c4081bd1a45ef0ec2a654f7d8",667.472534179688
"0e83bafabb77ec13c356db364be8cea1d55afcfe",266.535614013672
"c7764f04723365202062787557ef0b2013a49725",209.808883666992
"cb8431b527d113c771bb114629f75afcd3d075c0",159.46231842041
"deba05f1475df7572c009fcd78352607e0261e02",542.438415527344
"0fea51e726b4331c7feee982dbfccf81ecd13b45",152.619003295898
"daa3aaa2e8a74038f063a7271f8f5313a3ffa549",632.834716796875
"be7f0ff8013f5b20f0a0506744e7111efe58dfff",231.897644042969
"2363320c6a71e72c7fe03707ee17003cde293670",68.1706008911133
"1bc75725f067aa7ab03a8352212c8e5fd4351038",161.483367919922
"90f44637ec9f3cc6c1e0b5459faa809fc9bdafc2",503.978958129883
"3357488d4771f0c815e0d61df19e152f9e389a03",600.205596923828
"9920dccea1bf96b7fd54eaf4c4da770cfa06bb11",187.224334716797
"37fdd1d6ca7e624d26b401cae064fcba21a8d80d",49.1751003265381
"34294c5b512043e6f7ad920382ed06035f0982b8",771.337020874023
"15c031ae969e2fad5ae5d52bf2ef2c357da8e78e",160.10595703125
"7884ea053ee1a638cd6fa91c1f322f4dc0ca271d",167.907821655273
"17922e663e4a55711428dc4599e10d8bf78f1748",151.500946044922
"ceb4badc662bc3e27366fb9421912e2c20a1887a",189.928283691406
"72785dd5a3182782bf0c02ef69bb5b776fa438b9",354.126243591309
"9796941558f36b8aa6fb6ddac8dbf46df6266990",287.71484375
"8409ad37278a80cc08b0efc4ab62971a072fb03b",99.4626922607422
"561032e5f44b2d53d2620fc2cc67458b53c5c2bc",154.490371704102
"4be0e45ba7969bcad788c1410dec531270067842",425.015979766845
"acfafb3a527acf0793a48daf0a4776fc02688540",320.900726318359
"2876d7ae8d3417853e218ecad2bbb6677dec3114",267.324432373047
"cf28eefee29e95adc5607c10aee2a11900cc80ad",126.565277099609
"0c4f445f2fdffde759e980128f97f1ff82acab07",234.461555480957
"112e9c31b28d12e1a7d852612ee49697bac8d49c",149.82178401947
"22b369938f5234b6b5e821501aefe3e53de07b81",299.701885223389
"f6aa4ab730d02f7295d3c4182ad191b5f92da4c1",193.307918548584
"7b820bac99307b0a58773bc16dda0b51fd8a1268",177.175247192383
"4d51bd8495cf76a9e4bf42cd3d27b9901a5563ef",213.128494262695
"c5cdb7dc2ab3cb6e2c84e349c9f39a995dc322a8",228.945091247559
"9f799103002362dacde5a3a72b725b09e269e34a",208.529708862305
"716d6f2aaed3e620c6c5b714bfb99d57fe545ffd",746.948974609375
"2f1d4ce7cc99807afd0887a8c9726ae646c6ed1a",133.127243995667
"0b7ac2052237fe7518844407df4c965305fae3a9",202.605346679688
"4aeb996405613d45c184bc323f0fa562b0df0027",15.181248664856
"e3efac74bcdb9764bb40c4007c5f87333d35a402",235.575256347656
"7cd54f74db7018fdd91925f57824cf4992aefa44",139.957229614258
"ed84950a812aeacbea957a14cbb4164f485921b5",101.083869934082
"12028005df07089e40044426d9183bdc4e87f5f7",41.7312850952148
"e00e77dbba2cb730b923a4150824f5bd936b71de",225.458465576172
"c06d6d155e6af5b58b8d4332ebed7fd290783757",126.178657531738
"34505025fb4406cbedcee444836fa9324d7ee574",743.568542480469
"02704f6c055abbf858edfd3d220970ef99cb2212",469.144844055176
"9b04f93db5f5a3754eb397912a06ee1eb882a3a0",248.920211791992
"6f6072a62e0fe217b68dcc5224ebb53e1720b3d0",292.684436798096
"d84dfc1a33954285d578b48ac753fd3eb70dc3f9",186.098480224609
"0299c3256bc3f426c395bc950feecb5231525128",28.8532657623291
"165fd9b7358e92833b4563e3588f3aa3076f823c",190.10661315918
"b5f2346c7c507eb71507e93b9202b6c332a72386",392.251113891602
"7d79b3a7f13a8d4769b21aef0e5a1527f70d0b36",69.877082824707
"ab71dcf08d90060a014826727a8caf6458706627",185.970538139343
"bacc3c84803b819304c57688dfb61c94cce8ceb7",285.897399902344
"1135f07053712b4212356258dd930c6e57fd16a5",254.596160888672
"29be0196e90ec2730c66e14d9db7f44d9dc832a7",75.0890579223633
"74877ed1ee85fc60a019745c54752f90c7634ef4",569.094055175781
"3c7660be5e64c9406cfbc783d943d39ebfd06b1b",201.205619812012
"80fe2c6a392ae1a7535192e20c7d47b4cc05a24a",78.9845809936523
"1eaf53ecde913f50c781de846d6777a1880f74d0",128.613464355469
"01b9d70c4ec72b8a0f733bdf6bc47df596617dfd",192.634902954102
"83a048f4a13d71b9d566b1e9da9108bf272a62e9",520.934875488281
"79b80b1da9e97abefd52404c09bc7208276a309f",217.995346069336
"b4746581a84b0340ebf9779e23296949514bffe4",243.803848266602
"c093e94c4a0e11a5dc388bf65cf8f9fd3a7365a4",137.749145507812
"62f390657175b0afc42fade8260485ae5e5fda50",244.543823242188
"3393e95db74ffee588b4461617fe3c57477cbe79",167.191551208496
"7695d350b8d34fbda2e2b035eeb35e2d919b17b7",272.775451660156
"ed3e44cf8825bd6bd8e245ae32296bff5984aa48",239.393676757812
"d9b6cf8788d13cd8238f4ab94b07fbd08b177231",225.182178497315
"6349b9a0890e67faa08934aa4a5e516352453722",167.346801757813
"4c0a6c143683bdb46a4d0e54c12d92d04837b094",68.0022277832031
"1080594ff37daba6840bed3cee5a87435bf7aaf3",231.055011749268
"1039ef0b36a4d7d4c2e9b7b6c2084b3cf99c11dc",272.001800537109
"d6ea7ec203add98262fecc6989c0dd54da23e7be",75.5553894042969
"b236d0b1a773f693cafff9d629b8c7bf426ef094",167.587753295898
"1d740c776101050cefeca93cd8dda4e6b9e7cbc2",244.024520874023
"45be69e7dbc2d4b228aeb07ec08590cfdc6ff091",192.893417358398
"62eb5667ed84a45a7f88df769656fa1fd20f3910",115.164249420166
"cd1bf71ebbf54e7df656e803ed25f19d3fdb16d8",507.542694091797
"5a59c785f420f8d4d21aca01c648f20237e26865",181.70858001709
"86eea80678fa86ded9f82ddee11e168abbb059f7",274.473602294922
"be27b2f01fac259645482c73aa2cdedaf8a5e490",66.1497573852539
"c7bc0f6b0b2895c5de250976d07fae51957a2335",215.653350830078
"10fedf67aa649b50c9974dd8fdfef7a128e5adc3",335.493896484375
"25b8003df2b0100006c7aea0b8729e07bb9d5a5d",155.223426818848
"317b8adeeb12274671964b67dd3bdaf398a776f7",92.848225593567
"831dd08bcf173f87d725e687efe4af29eed01d8a",217.383834838867
"41afbb8823e64401a71aaf7b194f53a9a9b0dee8",448.328704833984
"4d7401674f98609d7ca85e20fa15ea13b68033c1",241.707916259766
"0dcbca4048ffd0585754a1552531af9861cd28e8",136.137115478516
"3d65b1ac983ce90ff1f21f56b627883affc7dad1",253.366134643555
"c1a74097ee56f5a547a20b2fafd43fb2c947c721",288.907897949219
"57ed72fa5129e91aaf45fc261c297eb2ee3c6168",267.907810211182
"68b4b7211f012921be293ec10a5b2e400babf9f9",426.944793701172
"c2763fb4768cc867f4db3d31c3ef970bbc178dad",389.905563354492
"f8f1873903bbc7192c61739437c768d39b5bbf50",567.25439453125
"c13f95db5afb341104954184f96f12e5521956dd",274.415130615234
"a8a63f0cf7287b7c95fde6c235ba835a94ae4f42",287.249374389648
"a81078aaee30c1703774a959d43e291fafd547c6",245.503128051758
"33d6d01286ab9b0c598290b753236b9454c28cd4",235.755767822266
"9972967ba4d26cf7280f1b79aaae47d80db9aa82",127.585205078125
"bcfe3b7e6b498b243aa5c5ddcb81d57e0176d976",169.859306335449
"6efd5afb47ce031047a04a267397cf19941cbbc9",189.313873291016
"ab8194b8601c80f1023c09fd6111d5e07559af5f",732.530700683594
"ddbdd3d3646ed154da0f3553575f5f7d7284e748",374.260437011719
"5cfc5b2e57541cef91d8a828f09574e9824a2f30",390.218719482422
"19048804f1bc12046bf0b1466ee08a425ec35d49",49.0067672729492
"867fd26dcadcfa02afbb979b0a0d95f842629e5b",411.828620910645
"518bf6df27af8bd8564af654262b56d28a34bfd4",291.231562614441
"f675b57f29ae4fbd1bb925856f608dc46c4ffca7",296.484298706054
"c4a3a37c4ce2cb23f36183ae3c605b6362b6b173",0
"a7677072d50ce8758e7984df02b7c086581c7c0f",259.420471191406
"227278769ed44d180d373e42bce38bc84d374030",326.755157470703
"148f176b02dce29b83edb4320503dc4d23955f9c",740.953979492188
"14d00d163975511bef53cfad9a0e9396965618fb",595.835754394531
"d27d5888dd9e08426f09e300c54f6a8987e2764e",42.4454383850098
"5a7b74f3fe9a042847ad03a0d45702dae2dac133",324.19384765625
"b3ada2a440fd2cf4439c9fe385b6ae465106b5b9",471.925323486328
"b0eb10e7e18f9ab34c87a2e6468f11fb2cc16f69",498.420776367188
"5b740a56489fb4d760c0586db33f0db04c04631b",414.179656982422
"b35b8887b05af2a7939eed185a0cda2eefce3be0",9.73650360107422
"90c2f6e1a2df1796abe8d2ff25e1e6004425c853",241.262268066407
"636e7ed10c3803e3303a441c05c8ba6721778e3c",312.785064697266
"e4252419cae20a16d2962beb0474177843fe85ab",431.244293212891
"bf9d8e5bb95edd83b3afe849a93622a7de57492a",535.16450881958
"f8b0239fce27c1311c3b48af9405ddf5abbe8de9",210.04906463623
"42a91743f84132f1bc7884c2a507c1eb66239a1e",498.895790100097
"d07f81a56dd9e7362f7a243e018aaaf316eb7edd",636.848876953125
"d76343ee3f53822094953cf05d53c45e7ffa2a30",595.284973144531
"d636652206acb1f885b4b81be07fb45c1a2cd856",199.247680664063
"116aec26be3439b07bbd475b06f5aaee96216044",224.649459838867
"86109ea6366c07fa53a83ede66113199f7b0f80a",427.67591381073
"6d379c9daa561b18425290480873fd9b17a90610",743.681518554688
"1fa87945c3ee6516a00ae1d7003df4789de36661",614.046876907349
"d81b103a1486d0343984f7670a770148ffcbabb2",9.73650360107422
"2acf5e9ceb8ce9a5cadb881644fbbad57a194b3f",749.462829589844
"5480ec69eee0fcc62fe90dd57f8945867b4d1a8a",360.514068603516
"d50277d1d42b13622de20f0b0ad645e3581fb382",238.885391235352
"367508fc60faed765f5f0d219059f9171ef18067",78.1120529174805
"02bb069b777c03d0c54f558342343bebeed3b402",351.0701
"aabf3e39315d7cd1df39df4ac9bd3c8b3dbf863d",454.08826
"d4042704e76613cb259ac13d7db3fb4d0eeabfcf",72.22859
"a6da60464d65325db2790e3249d7e40808b10134",41.9888
"9a1f22fde2e9d6e42948fb6776e9dc807aa9e7ad",146.58667
"0014c193005b425aaad55358686fb0dd1a4a0755",116.563156
"356907afc7d8f8f995d40a6cce9e494dc34ecfd4",126.055016
"5695f0a3a684e4339cbfd6756eb24afe5df4ce12",513.5974
"3faa4e4fae31dccec5c3d3d612a6d16b19e44ff8",456.68393
"96174218b30a843dc7df8cc053890b96e83ca9b9",0
"020e1c97d88916739bc1c2276a6ef8e91447443f",145.03455
"b6a6add81b3c0c558430e20f668a39790058918d",363.11856
"60308e9289e878691298865736811bd8d58c78fa",228.32774
"93123491a7701d0fef837ee5c438e5326285427e",251.06819
"ad47930a680553ceaf66aa09cd1f54eb49131534",0
"3fbcc798622c02b8961bcf6881d1cbf566ba39e4",169.3962
"d4d2843be8884713e49ec5053168de0bd7205b1c",695.5387
"26b016cf8e8536053cd109aa8e1502db6d46478f",147.9539
"1197ad8826628a3b6a30dce1a669fec173342b7b",0
"92eb85330143dabdef25eb574579317b17f58c66",167.69608
"5380254a90e93dae0e3671bab6fbc60933b14b7a",413.60193
"3ae876324a3432f10debb6edc8a6a24f232fe021",377.88226
"3bcd91bdf3c41a284bc3690c01c3f23467f1742e",101.16988
"53a6f179986e50fc6b1a20a75a94ba892239de43",485.2901
"e3218f4c7025fc51b38f6c3bdad3712407852229",84.90264
"d73d1f703384b5c7209c35101af77b4642bf7454",411.34506
"e0e1f107a95934a3912271c175a205f63fde88c9",432.0729
"ea9202974652e55e75b22a3a1cf86742587eb368",0
"fad331a3643e0f975f041aa16e18b72a99417688",141.71196
"cdbe923458653286958dc31c6749197bd4cf6eac",472.4237
"03ac692fdfbfcfc804c4f741888f8b004dbbd896",43.44097
"ba3b4d054745187f4783166f76a451c18714cf96",275.1316
"612acb850adeba8fa12e2e4dbedfba6ad99fb19f",357.524
"a60ee7a51235ffd74aad60511c621cd61a07dc65",542.5365
"5038a2ee954c9921b38840df1fbbc26813ecd822",81.580414
"c33798503f884f79588b045ca6b8d93aa26923d8",10.991864
"b6961328212704f571844134b57eb766396c2765",214.6288
"bfc852b3c9cea4e2371dec5a991ea966565ed51d",173.74405
"59e1bd0a1e1f7b7c1ef501721434b82efdcbfcfe",161.38414
"c1efb8c56121f7c7dc9940f9ad3a76da3ba61072",465.6583
"f87b2fecda13f6b91d12944c321c1806e31aee73",202.86981
"25d492f82219a3acdde6d8b08201ba02ba3ff3a6",140.25632
"b2666f572da8aa3626c31b495ee97f7905a903d4",10.739086
"6a6c94ae4a02d74c296899148cc71d576ad5390a",383.75058
"1d3d89fdc9b6fdf610be289823dd2fdddcb44a71",166.50606
"94031e55e26ae3374eedd6291d8c2fb31b4db61f",307.18948
"9059a5a840a42c6451c38c4e4f175157c3776499",246.10223
"38baed314b29d36496058f04abb8f92c375ce168",132.7807
"1b54a2e894a34ca35ca4a39fe9da17087c7d42ed",95.87657
"46c7ce33e78264b2373438ed1f49a64c12d4e273",376.967
"435f6167de485e517d74029d9cdae4a2049ad97e",675.71814
"4067352dd7de59eec33385ed2ad228ab65f2f6f9",0
"b56dc9f71a1fdb5d34b826d29f39ceef950b2e64",39.315117
"3be1745fd89859fee2e422cf05bb127a68f5cf00",17.692604
"c1f10dfec44e7de9225883f9137cc2e65a90b7d1",0
"031430dc518164c6d1cb405740f96f9385674ba0",454.3431
"514eeb6e6c17085fc1adabf03f1adca32318411f",723.9259
"d38c4d7f18ca8a6aba90b3f81b2863d8ae3c84eb",472.15967
"d52a743074d439c04c9d3226d352e93e8250c7a0",24.166838
"238fe9ce798e7a9cae523d2506857333ac10f7bb",17.15108
"9f0206bf0b19396411a36c413ed75a0a5d1d9abe",391.464
"4f6c643961e8df8f6d76d136b13ba2674b158140",15.471117
"bb4b4ea98775420ac9e6b12fa25d54b33af99a38",354.5243
"d8ec71356bb5df1cf8fec800e6886aaaf9911510",492.4245
"80f734d807768cfbfb215d8f9ac5caf20991033a",321.05872
"750c81e420c154073dac06495b619ec4974d4add",540.10535
"050c1dab2befebe73b385a13ca7d7bca764b20ca",9.78364
"b33a86374eb5b230a1c81bc1dd0e92dc86c87cd2",144.327809431763
"7451bb61548adc7de276059b5a577fb05329b931",476.81342
"c7d8f7968457b20270b902a722e6228930883164",109.22485
"20c0d7fd0fb4221c2aeb59118b16753e1f723b09",0
"24fa12505cdc29d6c15f5e6c08e00f1c42e4373f",446.24384
"252261d8a50cbdec92f59e33a2fa709dff5ccb32",577.5631
"0dd87d3394b8e4828b192487a4d747744bc39cf4",511.13254
"afdd2d59d3b9ffcdbb589f38b24ccbc6ec4f5423",321.76846
"a362813a343a35045066d9f3b54337164f71bf24",83.1028312056885
"eca3dc252aac948649a6705643262093beb26336",0
"cd008120919654d8408cbea3cf6b8908bf57dd02",164.93745
"ce1fd92debc42d1cb9a81753f75e6ce9263f881f",0
"acb8fb88563f556896704e7c130bcc4f9119978e",0
"f897964ed612278cfbef65aaa4a713f5e747d7ed",253.68573
"ef9ea00c3c9cfed6a3fa526bc311bdf8e847eaf8",55.008137
"8c90f794369f465ee58444ff53b647da2dcc4d69",124.128685
"d40be3d413f7ba4d34abacb4140985bc93d4748b",688.5601
"193490e2a59b813602a40b72510dfc4da0f67743",349.30142
"ed725965760ec8e92fe31753b3e7d1811ae03d2d",0
"1dd81477d26cc96cf04cbe21ee082afdfb452b47",236.92433
"0fa22d499a0f8fcd14dd29eefc42c0c1baf25ef5",41.159004
"61aba2e07f09ebd0e728f4c24c33e512d1ff1452",487.87814
"78854553f9b7cfd514c3d57624b3b122a269da35",358.1088
"8834d134e135e1ea1915b5d3733e30232e3b9d09",443.586512116394
"cf3b5632732bf79c9b78676d20ebb3b7973445fd",244.25272
"e25200fdf361a66a4d653ead79b0980782599d9f",27.167795
"ce5e4142cf38bfe644f7b5ccc309033273cfe961",0
"a9e0f366a5368bbf1833182a1b7648e48f0e66eb",37.533672
"a772e9dc1c79afe8680f3d6ba2c5b611dcd8390d",0
"121048ecdf300d2ec18b79f9632d2e0e4ecb925e",245.31015
"691879748d5b77908900022e7cf1736ee048958e",548.2278
"60d2bfeff46813f4c3274c522d417b776aef453d",114.98494
"b7609fb0febcebfbb70a23fa2a2d57135c168036",533.65643
"ff6a1ab20dddd786a6d449658d8efdfe075cc3f2",0
"58a09d2fd50dcb07e52d71bf16a2169077f52f4b",279.1742
"83b0284261e2bda954f2c6b2dc67c2a5e4f3c127",225.03798
"b135b247f1afd053b201fc7c434493408c5dcf69",384.363388833313
"e423014380b814100b4b3c96c21a61a98c149397",118.400856
"7fe97fbb484e94e5f2cc6de69848bc3f5c393922",382.78033
"5cc6c32171332ff0d9e394ee52679548afd7c65a",99.00856
"77f57d6df721aac3eae5ac72bb381cf02486cbe0",241.39047
"d07a10305d2dcb8e35c7950b820a899da0ce97c8",271.09253
"f1bb26b57f354018a128ef2d454382c4cd65960d",334.42075
"5723b8ea1f97a07a6afb874195c38c70005e989b",557.75476
"3af6bd02e5b64be84236cf5a8f25950a26a2848d",307.48492
"8290ab2133e0724dfa4c029c8fccc4e082eeab6d",411.632447398682
"605b2ec4efc3dfcc28ceef454bf76c5d7a33bfd9",368.7589
"f48dd56e652f36100c831b14c7761c94e2a097b0",159.43697
"43cb873d92f0918ee5fe6cb1e6be8a4f48a2090c",0
"a262ec79e3b889c625f9afb5b5d29bd2cb43b737",39.303055
"2cfe0e74d121786e16b71dee10c362c40c23c337",359.56354
"f8adce2d7df9a4417b85cf9a745b837a17aca532",91.4383
"875be6a8f72ffd17b4c0eecc36f80c8abe19913d",519.2917
"5b6b35fcf313a1e12256b4632795a01cd832bd2c",577.987
"a005eb90265f5f1aab9e88a48ec4d05f1568afea",243.3922
"039b39385faa43693cf102b50f9495344b15b285",338.24017
"6362c15e784c4a3ddc1f284873cb6c3d67237349",88.7969
"37bfaeb9268f9389dfa6157b48b8c7b1a3e2b170",599.4505
"07bf5f8d6cfdbe80de149203c913ffd26de27de9",375.1465
"ea68a8dfc2af432fa9995659df2e1bc3b3c0415c",172.89832
"0c51c48964727db5e319dc9e422da3e548ce0bc3",534.00494
"73be4f76c2bec88740f90212ac33d9ca13899275",223.68817
"e9be24005794e6057fc482ec31d0d2bc21e98ed4",419.02246
"56a848a24f3596acc04a37fc1fe6031c115f9e39",419.66385
"436e222f0e3205837a6a232f9810fae9d2bc1d0a",210.4092
"00fb2414b8f5bcdec5e0398176d9c76747645772",336.62573
"4b180cf315532f6245d8bb08038a36261a6d5885",155.0855
"f37bc44d1983a18431f0e7fd58c013d0b7a638c5",96.66031
"0250bb29dfa83e5e2d855c2f18d826b57cde4191",556.8345
"73b4d0c624c772c7969d5df019766bb774bf4f9b",587.7897
"ead848c2ee50c496b0d7d67f726abc9c5aed3207",74.07836
"f695cd7b75d02a7f147aca5cd794c63b33107ca7",259.21994
"29df9634e71f12ec4754b370e647db4bdfedd12b",640.00244
"a12dfc1f655a970791e299576b3149268d46992c",437.42108
"19a9cdf36a658385d6e860ca2237745d7b20e25e",449.63153
"35356970180d7c585b23f342d80e3231418a86ce",593.65234
"465d7544b40a77026e92ce7fee2414f25e4ae460",361.9941
"40a522d51351c9d684b2ce31c3b594204f79ea8f",293.11227
"725357e7f2e42cfc4f08591df5caa9bcf5ff6280",310.8907
"674d8bf718327b8290f85890e3db039ea758349c",523.15436
"1a235d57e26b0ed8dfee64621fb6775bca2a7eda",175.79517
"68905fe6a5ad781722cb9592664b7bd3b308a35d",63.343407
"79ae84f001d7d14f78615e97cb3785e112caae49",178.43236
"fa9c99ce9acb5fd5971e8fb834d745a33b714f76",579.90985
"0ad2e5cf1e052b219e6b8b806a56a9eb96cb29be",632.94794
"65650865231fe4b5109842633b6b3889d78251b5",664.6522
"04f9c2f30346853e09f3678562b61e8957eef0aa",640.7864
"91ab8ec137cd8cbd6baf9ee89fc9aeb62ded3da7",605.43384
"63e643214fd5235430aac8531d5ff8efdd7ec28b",334.2383
"01aa9f48c9a636dfb01e4e66a4f3ce742f908e4a",139.5174
"b4246bd7233f08e749626eb0b7647d295f2e37b7",594.4022
"eaa13ab7ddce28c31510e5eb5191bcaa76de7af4",426.5274
"ceeeda3bde736c0c656b03be05b4583f1daaf664",637.46356
"2118e015319a79ccd323497bfc0eb78439491367",85.30355
"714ffc00a69373619fceb2807b39c16cb3e7a917",220.00247
"dd560af41b5afd600e2d3bf5586656b0f358c384",418.02396
"508fdc457b08886c9e7fc71c366a785a26a70fc2",185.97157
"726f300105ad69d160d0835fbbaaa4dabd7d7d39",375.22504
"786672c08d33f1282d91da2df59542edc3219d39",661.2525
"7ea557c127e6a4df423fe65230e6eec83ad76cfa",389.76724
"4e5fb2c29850b50ffaa5ff7ade7780e43a916007",71.92127
"d18578b6741fea39f0922df69f56c19f2bd69c1c",638.33203
"31124d5ebc4f33645d00953e45c18e4dbf79294f",589.97205
"b8ef1de941498a52fd463411f09b22dfe580d92f",465.30072
"9d273c21e5938995493330a41bca1490d1216a28",230.62677
"adaf6b76ab504ed185c2d0571f6899784407a344",646.9316
"7667f17f281e6cebf0bd315bbe45d0989286fdf0",128.20016
"fa024bd05ae46a00b122ece10199c6cb2b0efbfe",440.3729
"8d2046fcc57abbb3c26c8f35be215bb61d0df58b",666.03503
"10a4db5c6bf3b4f13c48ad7b40019d5b072331ff",292.9253
"a1da4de2954e5c911e9ff85b2361be2430721882",431.98172
"45cd5ba215dafce9685a08b0864405b66d9c03dc",558.9614
"f3c630ebe41ac25d09598aa8d2038cccc4868f93",550.9253
"1eb669cced8461ecdf53da0ff3eb4bcb04ae1a3f",250.65234
"f79cf1f3d100e5f34d86ce2cd4c8c35ca3daee77",497.86356
"8c73f6cd68b778eafe43675872c8fb1990a7505b",565.855
"cfb77e4ebc7045cf47eaaadcb12ec0ad4a986e35",468.46283
"58b9fee780d57f9991464d4c9e1b9b9d5f5bb791",620.5029
"5d7f81cbee45d8cfca23e7c372cbe0d94c5fd4e7",488.455
"c4ab8f9643f3531288890b9b0e3e78b8e1a813d2",552.3278
"9f3083a9163c554b4819ad6a16aa66c05dcd23e3",90.98485
"de5a4ae1b41cebebabfba8b0ed4ff7fd55ea6078",450.28687
"a3ef4621bad2179060c871a3bd87344f645d5bef",292.1874
"d0f634c0a8770d9793416c260ba7e457bd977057",249.50795
"53dfe414229803162d14787d30fbf47a1b5e46ea",423.87112
"b0c52bd50d2f39a827d327d14ec0ddcde23f2b3e",683.5129
"c4db34402ba417ae6cc0cf8eca1c05a59b5940bf",398.3366
"9c4413851a0f4ec032f2262e2734e464372d8661",205.40352
"8d8e84cd258ba3184b3ffa45b5a15c2ba38bea51",364.26804
"d9fc19bc3e10422075de45e7607d510092c6d028",671.0236
"92d40aa16ee14bbb2fcec72a180779d0f4a3882a",615.5337
"216e03600af9acd2e1f85303beb31366bdd05c4f",309.16705
"e405266344fb53df126af9fe09419f8c49b2cb80",542.4151
"f65d6d417a0f0e29d63de0e0b55479aa193419f7",329.83624
"517c83ac8f1549d395c3ba12562cfdc4f0db688b",333.01352
"1846d3ee1ac661616b677348a8a7a7aa7639b5e8",472.88104
"68fb9ccde2c795925db20c54808ce39ea29f9580",465.92575
"0dfad3e2465c27c7a01b172df43e96a9343bc877",122.98494
"3b954f244f113c33edfbf5b8116bcfc18fdbff71",265.85187
"ccf59a5a3714de7f546cc6a2168044419ebc12a2",647.78906
"81272c934b63edda7b2c6ca9f268f5a594ce5131",632.07
"a564a07b0a14fac896fee84823537808e7c2b6f4",414.53214
"c02ab582e08aaeca9d075eecd110b3ae914fbe25",388.42108
"6687f3c21a171b932039f51cb14f1a7306a4b6a3",131.62022
"22cc2eb3ece81074e6dbd5efe2dbd5d10afb5840",91.87376
"13f1ea44ff2b7094942812a905745c719e209b0b",275.02194
"de1ba10b2b68ad45a669d164f18db50135d61297",147.35713
"b2bc4643e75d271fedf8f25928173e359b9d10df",247.33405
"59325b5a99a00fe5e8007788406d758c34051e9f",97.57671
"da8d7a5e7996bf225dde42e7a0e66a92359d102d",379.70038
"7fc1649c77a577cbd7893f4e3ed89ff542d9e3c2",553.9997
"847d88b282780a11b682814f019fcc9e444db809",520.4172
"62f6b5a378b3942033895e0bf88ee72a566794b7",432.75696
"a7303f4e8da8737691fc5803f2fcc1fba73b1c5f",25.255455
"b9d55cff57b492a19f70c8367d88048159198a06",582.1933
"037158ce34a79cee4dd9ddafd4c7b8ca90327429",511.9678
"ebfdfcefeaa4148ec27eca02f529b896fe155f8f",236.24323
"55bd3201fa7465188c2c70169f2e9407efe89cba",599.9919
"31204399ff9843bb19cb9750c36260dacd0ad3e3",413.30267
"0cdc8c492978d2ef0285cdf8f5236684314a12cd",627.2127
"ae090ac7b421da3981f417983bf7cc75136411eb",585.018
"4422d2361b7cf28417a13aee66cf91d6f0a4a87a",42.27467
"8fe5068677f925b38c5c2fd0db4d9d876a3eac57",567.6939
"016b7124144bdb5822af25b395629a805e22ec91",77.3316
"a1639e7871881ef53f45c5a8c8e5a4d42dc73347",370.25623
"fe549244512331e1229c839e863d83a3638b1bbd",0
"6e0e372e926b3589ef8fe67ee955ef197b262075",564.8563
"211afb16159815485e4edaf53f202f30d68d217b",369.20026
"c614f744d2863a2206be1f86eb32dfaef7c2363c",586.2948
"cd07d797aefc9992087f10f1c6ff48b13bf4450f",401.38013
"08c5771a634d6ce1269b5e03de7c96ef0a856558",273.467
"7782c6f80f8c16a3fda7863722e9399e71fe96b1",325.39984
"18396fcf5f98aac97ec6127f7924868d3ef7bd9e",1169.54913271484
"6d0a27712f982838ea4e2763d486818853630edd",625.29047
"09bcad48d0185d5c1cd04957300dc4f876111017",585.3519
"3dcd5ed07a3850c11605988071a327a5685938a2",139.2147
"3cdfba46718f763c6a8838a9ef9856759b25841f",377.00064
"c2cd66a2ac884e61d6afc5fa5cd8e271f1482cd2",310.15622
"b7d69db25c114771689e75b02d1e5861b4a44564",652.538
"c3796f5a839deb113d14052599ae9112204bda69",410.805
"e93c9bb9aca8818fe4f5ac98a6f31d6ad30e819e",431.56586
"81bca117796907ff95667efc8673877ee01839af",292.1523
"88c3fb65b5920f24c35ab0e5af0e63dfee325694",263.8258
"bf904b7c7b37961238f376325496c7fb67c275d8",653.90076
"7694076619c298b4556297b20afaf8eb50461cdf",593.41583
"53030702dafbc98380b87618a6786a1c0278912c",453.88632
"f1f7a3feb07f52a299616a306a2374428a60b9d4",108.50457
"65e09ff2b114c59c2432364ebe0985de430034b7",303.6029
"6bb1b0754829982c54484e4d2772d2616871b8ff",648.54266
"bc3c71dc19d09389180e0fcbdc14205e7da08a90",497.6433
"f5a81b8b5f85ece95ef32c17c812ac878b2d0d8b",539.44745
"bd2c50c1151f341a8a47a2095a4f7a2feef7904f",55.26641
"13a359b8104dd860f6ef78ad52a2bf0a1fedf75c",139.429376439575
"fe0ed8c9737fc8fecc09ca479657e87bd5378906",254.48982
"9abf64a9b0f68285e596cfd52740aad7adc7107a",45.3236
"55aecc6628fcfb6fc7afb0c8d5c2c135e66058b1",138.76993
"b76250a480383127f8406788203703b8923ceb16",463.398
"18c836a2aa6ac974abb7ae88b69d463f6ae44fca",254.51021
"a540f5b1639f7c7d09108c6893fb30986b89c533",616.04297
"70e1d92abb87036fac1fc12cdb769d2df0938529",439.58008
"003af1e4636109b822c9acfa703cb517c46d89fc",129.86497
"4e93224fdadea827bd06c9bc727dfe85eb2e9236",93.31204
"a4b506ad554bf35ae6d966f8997b30554e28e967",236.20609
"6dd18dfee0b58ade4f67f1e5f111c57f60599dff",50.400425
"637aa60cb3c5b707c57db84190273c2359f36bb7",609.9643
"d641dcf7df9dd49f9842ed4b53b5c439f1af1725",0
"949299bedcc324635a1b36cfe3a0576f2998dce8",59.54694
"337ceb78dd62b5bce81b7b7f34439574484da2ef",465.72952
"b032c7c0874f4bf88ac83799db6e22a3671a9548",138.37659
"81c84c1a4746858d5ad0667568ae5c78c90bdd18",0
"e756d6c279be556e10303dee655b3b6381df161b",94.99239
"4e526f46cb16f0f62612ed17c88433d1c9b0b1c2",205.99298
"6ca9cb26b733531c9d51fc82567ecfacda4bf9d9",46.46616
"32e156a46073e01cc070b292a84003e40760c009",10.400018
"f8c628afc5a0bcc09c78de315be28c8fb0d2b586",409.55286
"c6fe1559a92b885537ef0ed6824f27f076f5f078",57.17302
"083d603cf3249f2f57c04b16db50218beba3c152",0
"b82253f5145945f4206de3591d739a50146587be",0
"cd3171c51a380856b0f39077b530e4b9525f38bb",380.232307615967
"8e279ef4dafa65d4db8b0d74ae3db9a34e513259",257.49286
"bbb949d31b22f9af2ddca2a9a26b505e2b256f52",164.81522
"6a55ade739b29c01ae413f274bfb7d97d36247a0",307.72076
"c36612f893a26b390538c1fe96f0f1655ea6afff",78.30103
"73954cf0580c676cbbd2426384d69bce4d997458",0
"6eeab0ba2727d817ac0775cc708ec86d78124c05",216.8585
"a2492466d4a5ab3f0b605db3ce867e966f605a0d",528.777544464111
"6af4fd2b0e2411b744d0587be50052a125628dc3",115.67341
"97864bd4db7076b4cffb32c072171dbf26e54789",157.53978
"25561edff0b8cb2a606946dbd30d011b1edcd4ff",122.47623
"c3a4ec04fc9ce6e0aad6137bbba6ae7553d5669e",18.606987
"c1a687ca25c227e4ad472453df39aad813b8cd5b",162.812861984711
"6abe653fe11a79a725382f995ad6d20da6afa47d",39.40987
"8fc15777ba7771d58f5b6315b8f94ebf01026c9d",217.69252
"5b1ac9a19d0b1dbc0ab174aeb665fc68f4a7012d",365.93924
"e4ba6c019866c79d03d1e1be7e49acc9453ccf99",185.87817
"4b741cd08d43d5689304eb372773dd4783667db6",9.194092
"1aa97033b20b51d4e32c2c8fcdbad5007a17f112",102.728065
"5a3e52aaa72d33484ffed076c098db72e7b89b43",356.28897
"3791ba74aa33cea6ebb3f70277d0c6089188d87b",671.99963
"a7ab335ba29a72bc194f77b694f23bd2eea9c4da",124.05568
"886d88cfb015796450723c53c2d9d0ed7e757a36",341.8011
"0f46bb1ed363d593af42cfddbe027922aff10780",422.71237
"dcbd880cb90b63d48076b51692bc81c55bfec66a",0
"db5a959497a3f45b886a20f13e5f0b70faee6927",0
"d874a540fae4dd563dae874e4bb87e6d4e17bc9d",486.13632
"a45fbcb3331ccf78609bc7b102f4a9c4166c99cd",92.2875
"a8bc5d972d9f4c0989ecec80cebd10d6d906b41e",304.12988
"6f137dc6476b3dcd40fb2ad6fa57aad5e75661b4",41.60433
"153b10980f9eca97fe1b1246e7b424449c1aae67",124.71503
"442fb3a041b8964ed540db3d3dae42bb53126abf",67.024216
"cac781e6057a593d09d784ca4526fcbb96a62049",355.84515
"af2204da5514e67430e221c1d858a31cd0a6400e",603.03265
"74048c5d54f8e79cfee1ca9803658cfdf3bd4755",309.2555
"35e22d85a8a64b75bd6dc3b819c33e5064b1be93",54.287037
"4aee9fdae0b2902c401daf9b33bb9199c68afc60",39.044323
"c9ce359e73fc58d171dff50208d0bd7bde1fef89",258.14172
"6abee2a8b911338bf511e5f16c4a187cff8ab85e",424.74216
"9b6cc35e0e92b9434e3b5034c9fa66b507cc6928",0
"18c74a28b8a5783fa44148b2a8e2eca079e97f80",79.18842
"1ceead9f26f4ecdc74ef8e8e5adce55797d2d824",207.396217111816
"72eff2388181d1ad10baed69adc7fceaecd485e6",532.8332
"626a2b1275b2b44ff9d7e4713fa11c7379d03f60",629.9205
"2aed313649b643ed7472d3288d52df873c27722f",44.549778
"d3e3a0082587b69525d0a4abec172725765d21b2",272.67124220459
"1840dc0b0ec72496c4a26e81eb131e1d117a3b3e",462.2214
"2f4d15f54d90d74da63a1cb72e6dcad1ce2e01fa",203.4043
"b457b98c999402bcaafcbc50238ebc5d85510b5f",242.60503
"b55ad857cb7cba7a2a30ce9162b84918cc9eaec2",350.5695
"87758f0175a131b8836b7c378aad170e3c379671",371.87704
"67594f978c407d20d7869d35fd2b2bc172b958ab",270.6162
"04fff5fe242de0e6f076cf320985c8ef8643e589",46.408783
"2592df55723601efd9d98374e329ce7402b3de99",139.32574
"42baade93e7827481581ac72a2bf685095bbbb75",176.31393
"c15acd7eb2cabec4fc9dfa9bb7f6cda1ebed7a57",307.59436
"d9c9f5241a964c7d7bd723e78ae75f2214b40ffb",364.6852
"7697cdad70aa01d9e4015b56f31a29246e651111",363.3664
"433033275abc78034d1bef3dd7b4e42a05962ee4",271.8437
"041315d0596ffddb891dd84ae1bb692431921fe6",400.55957
"5c473a89276efe87cf2f62aa3b211f7253c11ee6",19.518354
"35977534b4c84824da88911ef0d1bfb5a4cd371a",57.28241
"7b00d5dda854778e8d3ba783d4918faddae32575",536.7652
"d9fefc8b919e8b74dd1ca8427d8780965d5955c5",76.17415
"bbc17beec3602b1f8612e38ac90344bcb8bb9545",59.978096
"b96aacc9d189d612fdf6bb0a3a53913f9a58f999",524.2822
"1283c202465a158258273e47609c0946ab2380b3",275.79718
"1ff4dd49bd3453db6bf302add09243dac7c06525",221.70773
"e8e3abc187db59ca65c07ba830a93d1d18d568d7",483.55753
"cb1e547b7c66c37dbe3e9495bfd0eec9cae1ad9b",536.41583
"2d7a24e3c952e59b1e215ea9963fa645df14ba41",243.31952
"9ce7d8a2abb80aa52ddbf3118d4a37b127b2c034",293.92776
"e79630dcafa946904812082e560f9e27feb949a9",105.45391
"fe80da2e964fa0782b5d30725105f59444a90261",139.58258
"02608b1a3a44adacbae06ceb30accc9110a0e336",387.82898
"582621ee977358425c653bf118ddddd18b77242f",597.3386
"1ebae1b84a40ad0df0cee1c8d59b9b8fe31dac37",433.65912
"6772422e813047d9619db583793aed488a8785d5",65.43566
"cf37ddacfdbd60f20cff15e645d2e04264791399",0
"c7d82e48d6506ad99ed9656182326ef9576a14cc",404.25516
"f48c078f81d0ec2d13652239064709870621c5bc",315.5441
"cd8cf54b5294970b1449c81e79e877ac218128f1",282.521
"bbd2b8abf772b70d3b09f8e1ef274e6a1b6c8c3e",578.1257
"0b8026eede08f8cfede660d778e8bb153749973d",76.25893
"07fdf16fffcf71dcb7fb848addba74df1ee36048",137.79819
"7a41536ca370190d3d4d569d8b78369f63297956",156.431315856934
"80f3a94c7bf1ed6397017744dbb75ff931902e2d",632.2514
"a8bb5bb25de0ae8cdcf2ead3b205f91e19453a23",340.0473
"1555357c4809b66ac35fa0096f378680a822b65e",282.4509
"0c55d44ed69e8e022327a2e878343216c0b246c4",377.6466
"0ca329fc49d750ff089b64c0dcb78465bba6ca5e",223.5839
"5f4de44606c93f7d27570c7867fd0593c779230d",136.84827
"0084c15ee1d82fb5b793e1ff130f46651dd13e17",54.544952
"00f2af912fbb0f299e177f6ff00fafed7bf79aa5",95.33096
"97f7a1f1d6c0a539b27cbaf98b258ac56f901a3d",136.86935
"deee4ae4eeaae0811fbe9e0faeaa9b24f5041c35",62.37303
"4db40d43d3837e7374794f2b575170a649ccd79d",114.21412
"5eb57ef29a7d2551535638fdbdf7cab4d5919b3c",610.9163
"383e94bde2444fafd3a346803843c1f1319e5149",590.3982
"eafda445eb3424a25c0aa64767bb6962623dfa5c",199.99562
"9b52235d7b694738421b6c2ed9271edb04553492",502.0871
"046aa119cf276cb291309b36e32ae78957fe3818",409.7347
"522732ffbe0234d4237e4d269207edd5bf0ee5bd",76.60088
"d54cf9971760639469b38340a9e5179e88cc9565",112.71611
"74fbd2c42d3848988ba22644a52c38a95f26283b",565.67
"a9575a219e177b56f4550f5f8fa4f0d9e4a63524",215.43298
"b675e6a4582eeb4b59c434f8f5d8d0714b0b1abe",473.88922
"c17f6680b24e0e7306ccc02beb858c91e9efc7b4",314.62534
"8d5fa26e75d233f2a4a8179fd778281b12a94445",383.1249
"a9b53974ac34cd7c03133051645ef424e81c3073",657.671
"7342c287be8b3735d2c7dc1688a60447dea969d1",175.98834
"9c9042a648cc4c291bb50e605647207ca6198e52",96.86258
"8c6225f4d65d2c7f53ac99f03ac9462b6ed219c2",115.06522
"98bbd7845155dd969b1ea100f72d9acb2a6357bc",243.99911
"805ae58281deba6d30ed460ec662adc6489bd7e0",361.3746
"cb619f0f5f6b317a44988779b7e821830bd94389",287.7395
"5f745e71f935fbba858a1ca04749e6b00f9b4c84",191.22409
"1c3af27dc3d3052f28798b634f1d0c21c5a5b909",304.10855
"37ab844291002536a60b6aa57cbbed2c7f132b2e",87.86967
"d468c4db9f6cb97ca4152440eb9c9099eaca9186",413.44156
"c1c3e5b6f43ab1b1eccefeb8b6b2d22bc72758e4",38.690742
"929edab2a8d29837776c3f50bea0d3f72d3a49cc",459.00183
"b6053cab8b9347284f9e4d50946741e97c13bd29",0
"5c510f4d67fc4cb4eceed1dff895cdcda5e74d4e",268.11057
"029a2a4091a3dadd2e8b2c9945c49172bc9a2d13",112.09004
"ccbeebb83e2f368d70aca48df9d3cab30efa80cf",419.56503
"8f207761a5d661092d192327d82b31fffb03520c",567.8813
"355c86965a10a2e036f29b00eac8dc7ab0637c15",407.50217
"2f7fd76e945aaedd0d86916e6e0aa0396954cd82",527.9256
"ba083a4eaa2ab6bce8f4f6ca0479607ac4156d08",38.875668
"e2b86e2b7bf12290092a79a951fc820c8dd57bc6",71.259186
"f2ec743cb62f5b9bcaa72bd6a5b7b0072cca96a5",246.63887
"1500346001a2e1cfe45d8e51dd60c4c17e77dcfe",354.99844
"e42a90a0e1a26abdda5a1df8b9f5e94a10ab3c85",545.3074
"a3ebad92341cbd9f898f20ef6c818ce1821913df",357.48398
"c1efd3145c820257fae2347ff5675817cfb37bca",483.73608
"353dd0a803b3ecbe1771f4531f67d28ef10e8604",646.8359
"806d60fa9695fda61e624eb0c6119eb0c1856ebd",257.62973
"1ce31d2c34c99066c4e1f9f1b1628adc562487fe",83.40167
"ae4482e6eb66198561ebdd43c0912881ac682933",95.55513
"d94deb665ae01b16da724920198bb128769a1cdd",635.26794
"dd1a7779b1dfec83d4aa0c198b20f71c7b7783bc",179.91377
"faebeb39afd5dd26f5afd5cef11d5780b8a8d04e",415.56763
"a6f7d8d0bc6a651cf224abaed2235f269a69af99",322.03705
"27649f3623a0bd504a07741df2773cc253ce7c61",237.93288
"f639d39ce0987e43f6c9b93bced9a3c918b9bdf9",152.43114
"deb7b468a91c97b3c1b2c019c08913d7aed65774",682.46075
"9b9fad3a6cc34d2070b2847bfb99a4de6cd99851",143.84908
"e3943e72463136e12a58a619566752b39c7cbec2",334.06165
"3009ab35873ae4b9a5a1022926464083423c02a5",371.51013
"061eb45e0292790d19a0638e0bd4edb4dad2d319",389.798395794983
"4d6127941ac5ecd5c14f8f666dad7d62723ddfe4",617.4912
"fe6eac0778f476c3f1ffe6a1fd637f077573e077",511.8472
"f520169b688bef43a04467c83c70597e247e2da3",406.07422
"e6c886ab4b45aceb8372e0ff4568b6a369bf0d92",282.91302
"7e2ea9a1e09ecedbb82fa041fa50fa6f9b1f2e88",408.5221
"2923b2767d40064620b34fd192dd7af293143844",207.70084
"75174627fd934205ab7d1905d926b580814f9759",585.526
"1bae958c3003100a62896444235627a7ab5a75e2",446.08838
"c04bfbc3f42ec36472468471b3a7163f39671a33",573.4667
"f519c59c8531db09e24f5106365de01febc08b44",492.00183
"baa3b17a346a64bd69409ed26f14711da996d4ae",134.05061
"ad9fffe6e5f822d9ee61fe0ee76bce420f15b799",345.38074
"db1e1ade2a9bbb88fbfbbf278e96a5f1a9a44473",596.475
"ee4f263a4d96c4e86e6866ed2fa9411a5d747b07",254.67871
"a28d972a945f563770f28a9fddcd0bea048d761b",402.1883
"7788ff0375c64348d36ae12869506ad498eefef4",427.7971
"09c4fd07f6de14adc4edeed0aacd4b55f3bbad50",309.81824
"dc3388cd406e42cc389f1efb4b2031922476d704",513.58527
"0043ac96d4fde6fcfd5a841b8d902661e69a6009",31.892677
"96d173cc60387c102f2e79c0c3f995ec87114b33",697.0061
"209657ed5b928d363055f7c8edf1b64b804e996d",134.69196
"f3d37c982ea714cf89bab21a61e1dfde7bbc0305",272.30072
"777050e2c47c0765d24b18c9952d79781c880701",93.90507
"2fb16aa71c808667f5df7df8817b2578b60420a4",508.82446
"19f683ce76088d78377da48963e1c90cbac9ffaa",269.2153
"f07c5c8b44841cd0b4b570ee962b8fd7ba2e3bc4",463.01282
"8b56a85ee94ae8780f6ded359e6dfe292bacf2f3",553.97327
"f8531db48ef485c8976f712a83ed5a2a426d2b96",186.90257
"975ee6226b2a5fd9aeea15763b119ce7e00a26df",403.53818
"7a0e9a6d8c15c2362a276c88e9f8ca7f02d608b3",315.56683
"8827b470bf94e8b5571254ef073b73c2408faa02",237.42471
"2b8fb4c53c71dae6d2e2a528bd24a875942f0553",261.9873
"3dd84f5d3a88f824b5a023b724a5585fbf32ba9c",704.3211
"183c175964b224bf2c8168b04c2a313adb7f089c",206.42914
"758f4f5d04979599254021276af78a2bd48ed76a",155.87476
"5d2e13d8d4d49d2c4fc5659325decd8161066663",454.7299
"2dc4d0bb674f68789281dab8a4b3a0148cea088f",80.09218
"f6e83e96f0a2019c0a8a8df02534e83d8cbe2c28",448.9084
"523ecd5a15ce05328b032e40c14e996ef9f1fcd2",498.52945
"91d6f8297a61343c126056e697a96916e24906b2",609.4966
"073c953adf860e87af6671245c3aba319b72e225",650.3021
"9953eb87ac2126d387cfc6fd55270701d98eb164",346.3248
"04919f19fd9c50566716c96ff5f0615b14ccfe3d",580.1417
"eb905b0c211f7c81ee95abbdfecd19943ed497a9",446.51926
"da5ce67803a8039d079ca666c6885e8ea01a2a75",384.98718
"46571913dbc31676e98be5ad4db1f9d974f040a6",642.2847
"fa9c5a61fd58a93ae43a0c336c0968619321caf3",610.3869
"550f85b6d95890392ee22d2d9e9b75d876cecf86",434.70346
"64893d74bbfe9801198bca87c19e4c084b3e7fcb",427.23944
"f38e4748144bb5c7450174f0fc94c83f912a5372",536.809
"58bd390684a1b46fc0f2df6e75a8c563593e307e",645.95276
"2622dac5f67183f0c4a5b57e73549123f201cd74",197.42192
"dbf508e6a2984148d1b7391d29bbfbb421f3180b",245.79591
"e29d82777ff1d4d9517ce77a565d1f20ad9109ed",608.439
"061aec6a5629bac2e9003c1b716a09127b313711",169.36705
"f4d4a36c6b6648bef8169a0283096680fc1a5de7",252.47906
"4b28c0a343bdcb5f79b9ae6c014273f665723a34",472.10254
"4465c3d96e03493e5f721991f34e897f7987d8c9",290.6747
"72652f1b57a59f4a8e278cf070cca49ccdfce670",285.449523411255
"c7c83eaa9fe8da2f81c5fce172059af61448b3e7",433.6247
"b7fbeb6e14a4fbade5bce6353b1ef65a3422e6dc",392.8203
"3a4a2059eda2a9c1518d5404384519ea6343991f",198.5442
"5e2471543554c6e6c724baab37d616f6d11d57e9",364.01044
"401e7703c0eb224fb61797e3bdfca6b4b93c455d",274.2199
"fa3e8eaf33094acd8695929a324a43956446ff27",0
"305b67fad711a094722b604fb6edbc5c1f4a13e7",232.59021
"2d5dea952171a05e9b9f20a9fb02c97a1155e6b0",122.67042
"9dc0903fd6704325b19057c6733c91c5f88904ef",545.27277
"43e789a2c98c9229310d406b78f236ea838d0ae6",294.08572
"9670df799799c7b799a7004f69d85f626799256c",674.1638
"2eb51c2ed0a7a9c7e4c8bd01bab20e9bd2fdbf06",521.5436
"3b8a3d1f027410d3ff7ec543ed891d29e66af4ab",234.272415585937
"84efa1f1b49e61ebdeb8aa5034d4d4141b4b20aa",598.595
"cb0945d75bacbce335c5bad0d0e838f5d9836752",439.18408
"50e99f6d711f91de991d3083da5e92d455604eee",206.36922
"00e99b6a19161174f9f6520a80783c70236d8403",373.34436
"1a35380236861a3e9242fc1790692a52ca977c92",376.71893
"4624f24cd9ff75f49ed23c84b4f855ff2beb2ba2",144.94933
"837484931d4d9194973ae70dbc31984c986adcdb",344.16617
"a4226052c7e0d04d4c9fdc737eada8c1d5d8e8ab",400.8542
"35941e56cf0ad1cf4d0ad279953b6f73b523f8cb",396.19653
